{"replica_1_stage_1_mfu_min": 0, "replica_1_stage_1_mfu_max": 53.791780725255556, "replica_1_stage_1_mfu_weighted_mean": 13.022780236483742}