{"replica_1_memory_usage_min": 0, "replica_1_memory_usage_max": 26.26616379310345, "replica_1_memory_usage_weighted_mean": 7.0834932446781105}