{"replica_1_memory_usage_min": 0, "replica_1_memory_usage_max": 99.99103156887755, "replica_1_memory_usage_weighted_mean": 61.06881608258486}