{"replica_1_stage_1_mfu_min": 0, "replica_1_stage_1_mfu_max": 0.32745492918135843, "replica_1_stage_1_mfu_weighted_mean": 0.0979062542468865}